uid,username,gender,email
1,AradhayKumar,MALE,Aaradhaykumar@gmail.com
2,ArhanthKumar,MALE,Arhanthkumar@gmail.com
3,AarishKumar,MALE,Aarishkumar@gmail.com
4,Ajit,MALE,ajit.br09@gmail.com
5,aravindya,FEMALE,aravindya998@gmail.com
6,arya,MALE,arya01@gmail.com
7,bhavani,FEMALE,bhavani@gmail.com
8,Bhavaana,FEMALE,bhavana023@gmail.com
9,chitra,FEMALE,chitra001@gmail.com
10,Dharani,FEMALE,dhrani023@gmail.com
